{"cameraMode":{"drawMode":0,"name":"Shaded","section":"Shading Mode"},"sceneLighting":false,"audioPlay":false,"sceneViewState":{"showFog":true,"showMaterialUpdate":false,"showSkybox":false,"showFlares":true,"showImageEffects":true,"showParticleSystems":true},"in2DMode":false,"pivot":{"x":0.0,"y":1.0322953462600709,"z":-0.001827538013458252},"rotation":{"x":0.22162804007530213,"y":-0.011701256036758423,"z":0.002659664722159505,"w":0.9750576615333557},"size":4.317495346069336,"orthographic":true}