{"cameraMode":{"drawMode":0,"name":"Shaded","section":"Shading Mode"},"sceneLighting":true,"audioPlay":false,"sceneViewState":{"showFog":true,"showMaterialUpdate":false,"showSkybox":true,"showFlares":true,"showImageEffects":true,"showParticleSystems":true},"in2DMode":false,"pivot":{"x":-34.08190155029297,"y":2.3483591079711916,"z":30.886730194091798},"rotation":{"x":0.39121177792549136,"y":-0.2899870276451111,"z":0.1313827633857727,"w":0.8634830713272095},"size":9.102282524108887,"orthographic":true}