{"cameraMode":{"drawMode":0,"name":"Shaded","section":"Shading Mode"},"sceneLighting":true,"audioPlay":false,"sceneViewState":{"showFog":true,"showMaterialUpdate":false,"showSkybox":true,"showFlares":true,"showImageEffects":true,"showParticleSystems":true},"in2DMode":false,"pivot":{"x":-14.848475456237793,"y":0.779205322265625,"z":-1.8937816619873047},"rotation":{"x":-0.01786869391798973,"y":-0.8372200727462769,"z":0.5459015965461731,"w":-0.027390114963054658},"size":34.34035110473633,"orthographic":false}