{"cameraMode":{"drawMode":0,"name":"Shaded","section":"Shading Mode"},"sceneLighting":false,"audioPlay":false,"sceneViewState":{"showFog":true,"showMaterialUpdate":false,"showSkybox":false,"showFlares":true,"showImageEffects":true,"showParticleSystems":true},"in2DMode":false,"pivot":{"x":-16.916807174682618,"y":0.40021419525146487,"z":-7.1724042892456059},"rotation":{"x":-0.29005560278892519,"y":-0.012347551062703133,"z":0.003742507193237543,"w":-0.9569248557090759},"size":5.337853908538818,"orthographic":false}