{"cameraMode":{"drawMode":0,"name":"Shaded","section":"Shading Mode"},"sceneLighting":true,"audioPlay":false,"sceneViewState":{"showFog":true,"showMaterialUpdate":false,"showSkybox":true,"showFlares":true,"showImageEffects":true,"showParticleSystems":true},"in2DMode":false,"pivot":{"x":22.038381576538087,"y":11.749933242797852,"z":32.11134719848633},"rotation":{"x":-0.005241262726485729,"y":0.857974648475647,"z":-0.5135934948921204,"w":-0.008754665032029152},"size":17.99796485900879,"orthographic":false}