{"cameraMode":{"drawMode":0,"name":"Shaded","section":"Shading Mode"},"sceneLighting":false,"audioPlay":false,"sceneViewState":{"showFog":true,"showMaterialUpdate":false,"showSkybox":false,"showFlares":true,"showImageEffects":true,"showParticleSystems":true},"in2DMode":false,"pivot":{"x":-2.3799924850463869,"y":-0.48520588874816897,"z":3.171840190887451},"rotation":{"x":-0.1835455596446991,"y":0.2737109959125519,"z":-0.0532962903380394,"w":-0.9426327347755432},"size":9.786657333374024,"orthographic":false}