{"cameraMode":{"drawMode":0,"name":"Shaded","section":"Shading Mode"},"sceneLighting":false,"audioPlay":false,"sceneViewState":{"showFog":true,"showMaterialUpdate":false,"showSkybox":false,"showFlares":true,"showImageEffects":true,"showParticleSystems":true},"in2DMode":false,"pivot":{"x":0.3037968873977661,"y":0.8473191261291504,"z":0.8629875183105469},"rotation":{"x":-0.2023705095052719,"y":0.240149587392807,"z":-0.05126751959323883,"w":-0.9480255842208862},"size":4.041658401489258,"orthographic":false}