{"cameraMode":{"drawMode":0,"name":"Shaded","section":"Shading Mode"},"sceneLighting":false,"audioPlay":false,"sceneViewState":{"showFog":true,"showMaterialUpdate":false,"showSkybox":false,"showFlares":true,"showImageEffects":true,"showParticleSystems":true},"in2DMode":false,"pivot":{"x":0.0,"y":2.3983588218688967,"z":0.558985710144043},"rotation":{"x":-0.285761296749115,"y":0.007759904023259878,"z":-0.0023121817503124477,"w":-0.9582699537277222},"size":4.777768611907959,"orthographic":false}