{"cameraMode":{"drawMode":0,"name":"Shaded","section":"Shading Mode"},"sceneLighting":false,"audioPlay":false,"sceneViewState":{"showFog":true,"showMaterialUpdate":false,"showSkybox":false,"showFlares":true,"showImageEffects":true,"showParticleSystems":true},"in2DMode":false,"pivot":{"x":1.7104986906051636,"y":2.8137753009796144,"z":0.049564361572265628},"rotation":{"x":-0.19259929656982423,"y":0.0020608436316251756,"z":-0.0003888921928592026,"w":-0.9812827706336975},"size":6.83345365524292,"orthographic":false}